{
  "created": "2025-09-10T12:09:19.935934",
  "pdf_files": {
    "Duquesa de Santo\u00f1a.pdf": {
      "size": 151574,
      "modified": 1757313873.0
    },
    "Festividades_Madrid.pdf": {
      "size": 171502,
      "modified": 1757313880.0
    },
    "Gastronomia_Madrid_.pdf": {
      "size": 290565,
      "modified": 1757313887.0
    },
    "La martinuca_.pdf": {
      "size": 143794,
      "modified": 1757313893.0
    },
    "Links_Interes.pdf": {
      "size": 172178,
      "modified": 1757313899.0
    },
    "Madrid Innovation Lab.pdf": {
      "size": 187538,
      "modified": 1757476906.567523
    },
    "MadridDestino_.pdf": {
      "size": 174738,
      "modified": 1757313905.0
    },
    "Memoria_Paisaje de la Luz_1_.pdf": {
      "size": 566828,
      "modified": 1757313911.0
    },
    "Memoria_Paisaje de la Luz_2_.pdf": {
      "size": 6619600,
      "modified": 1757313915.0
    },
    "Palacio_Santo\u00f1a_.pdf": {
      "size": 235890,
      "modified": 1757313921.0
    },
    "Plaza de Callao_.pdf": {
      "size": 233307,
      "modified": 1757313927.0
    },
    "ratoncito_perez.pdf": {
      "size": 64518,
      "modified": 1757498052.5931585
    },
    "Transporte_publico_Madrid.pdf": {
      "size": 249249,
      "modified": 1757313935.0
    }
  }
}